methode,dataset,accuracy,f1_macro,n_features
baseline,DS1_medical,0.5531,0.5466,10000
MI_k500,DS1_medical,0.3329,0.0999,500
MI_k1000,DS1_medical,0.3315,0.1004,1000
MI_k2000,DS1_medical,0.3324,0.1022,2000
MI+GA+LR,DS1_medical,0.5743305632502308,0.5411121540180931,501
MI+GA+SVM,DS1_medical,0.5812557710064635,0.5528913877176522,501
